{"cameraMode":{"drawMode":0,"name":"Shaded","section":"Shading Mode"},"sceneLighting":false,"audioPlay":false,"sceneViewState":{"m_AlwaysRefresh":false,"showFog":true,"showSkybox":false,"showFlares":true,"showImageEffects":true,"showParticleSystems":true,"showVisualEffectGraphs":true,"m_FxEnabled":true},"in2DMode":false,"pivot":{"x":-1.7982466220855713,"y":-0.9354650974273682,"z":4.269059658050537},"rotation":{"x":0.023584697395563127,"y":0.09343428164720535,"z":0.002214160282164812,"w":-0.9953457713127136},"size":4.7634596824646,"orthographic":false}